<?xml version="1.0"?>
<!DOCTYPE modification SYSTEM "http://www.simplemachines.org/xml/modification">
<modification xmlns="http://www.simplemachines.org/xml/modification" xmlns:smf="http://www.simplemachines.org/">
	<id>ryshar:DirectorTools</id>
	<version>1.0</version>
	<file name="$themedir/BoardIndex.template.php">
		<operation>
			<search position="replace" whitespace="exact"><![CDATA[	// This is the "Recent Posts" bar.
	if (!empty($settings['number_recent_posts']) && (!empty($context['latest_posts']) || !empty($context['latest_post'])))
	{
		echo '
			<div class="title_barIC">
				<h4 class="titlebg">
					<span class="ie6_header floatleft">
						<a href="', $scripturl, '?action=recent"><img class="icon" src="', $settings['images_url'], '/post/xx.gif" alt="', $txt['recent_posts'], '" /></a>
						', $txt['recent_posts'], '
					</span>
				</h4>
			</div>
			<div class="hslice" id="recent_posts_content">
				<div class="entry-title" style="display: none;">', $context['forum_name_html_safe'], ' - ', $txt['recent_posts'], '</div>
				<div class="entry-content" style="display: none;">
					<a rel="feedurl" href="', $scripturl, '?action=.xml;type=webslice">', $txt['subscribe_webslice'], '</a>
				</div>';

		// Only show one post.
		if ($settings['number_recent_posts'] == 1)
		{
			// latest_post has link, href, time, subject, short_subject (shortened with...), and topic. (its id.)
			echo '
				<strong><a href="', $scripturl, '?action=recent">', $txt['recent_posts'], '</a></strong>
				<p id="infocenter_onepost" class="middletext">
					', $txt['recent_view'], ' &quot;', $context['latest_post']['link'], '&quot; ', $txt['recent_updated'], ' (', $context['latest_post']['time'], ')<br />
				</p>';
		}
		// Show lots of posts.
		elseif (!empty($context['latest_posts']))
		{
			echo '
				<dl id="ic_recentposts" class="middletext">';

			/* Each post in latest_posts has:
					board (with an id, name, and link.), topic (the topic's id.), poster (with id, name, and link.),
					subject, short_subject (shortened with...), time, link, and href. */
			foreach ($context['latest_posts'] as $post)
				echo '
					<dt><strong>', $post['link'], '</strong> ', $txt['by'], ' ', $post['poster']['link'], ' (', $post['board']['link'], ')</dt>
					<dd>', $post['time'], '</dd>';
			echo '
				</dl>';
		}
		echo '
			</div>';
	}]]></search>
			<add><![CDATA[	// Moved recent posts ]]></add>
		</operation>
		<operation>
			<search position="after" whitespace="exact"><![CDATA[	echo '
	<div id="boardindex_table">
		<table class="table_list">';]]></search>
			<add><![CDATA[	// This is the "Recent Posts" bar.
	if (!empty($settings['number_recent_posts']) && (!empty($context['latest_posts']) || !empty($context['latest_post'])))
	{
		echo '
			<div class="title_barIC">
				<h4 class="titlebg">
					<span class="ie6_header floatleft">
						<a href="', $scripturl, '?action=recent"><img class="icon" src="', $settings['images_url'], '/post/xx.gif" alt="', $txt['recent_posts'], '" /></a>
						', $txt['recent_posts'], '
					</span>
				</h4>
			</div>
			<div class="hslice" id="recent_posts_content">
				<div class="entry-title" style="display: none;">', $context['forum_name_html_safe'], ' - ', $txt['recent_posts'], '</div>
				<div class="entry-content" style="display: none;">
					<a rel="feedurl" href="', $scripturl, '?action=.xml;type=webslice">', $txt['subscribe_webslice'], '</a>
				</div>';

		// Only show one post.
		if ($settings['number_recent_posts'] == 1)
		{
			// latest_post has link, href, time, subject, short_subject (shortened with...), and topic. (its id.)
			echo '
				<strong><a href="', $scripturl, '?action=recent">', $txt['recent_posts'], '</a></strong>
				<p id="infocenter_onepost" class="middletext">
					', $txt['recent_view'], ' &quot;', $context['latest_post']['link'], '&quot; ', $txt['recent_updated'], ' (', $context['latest_post']['time'], ')<br />
				</p>';
		}
		// Show lots of posts.
		elseif (!empty($context['latest_posts']))
		{
			echo '
				<dl id="ic_recentposts" class="middletext">';

			/* Each post in latest_posts has:
					board (with an id, name, and link.), topic (the topic's id.), poster (with id, name, and link.),
					subject, short_subject (shortened with...), time, link, and href. */
			foreach ($context['latest_posts'] as $post)
				echo '
					<dt><strong>', $post['link'], '</strong> ', $txt['by'], ' ', $post['poster']['link'], ' (', $post['board']['link'], ')</dt>
					<dd>', $post['time'], '</dd>';
			echo '
				</dl>';
		}
		echo '
			</div>';
	}]]></add>
		</operation>
	</file>
</modification>	