<?xml version="1.0"?>
<!DOCTYPE modification SYSTEM "http://www.simplemachines.org/xml/modification">
<modification xmlns="http://www.simplemachines.org/xml/modification" xmlns:smf="http://www.simplemachines.org/">
	<id>ryshar:DirectorTools</id>
	<version>1.0</version>
	<file name="$boarddir/index.php">
		<operation>
			<search position="before" whitespace="exact"><![CDATA['xmlhttp' => array('Xml.php', 'XMLhttpMain'),
]]></search>
			<add><![CDATA[		'wiki' => array('wiki.php', 'Render'),
		'slacker' => array('slacker.php', 'Render'),
		'apiCheck' => array('api_check.php', 'Render'),
]]></add>
		</operation>		
	</file>
</modification>	