<?xml version="1.0"?>
<!DOCTYPE modification SYSTEM "http://www.simplemachines.org/xml/modification">
<modification xmlns="http://www.simplemachines.org/xml/modification" xmlns:smf="http://www.simplemachines.org/">
	<id>ryshar:DirectorTools</id>
	<version>1.0</version>
	<file name="$sourcedir/Subs.php">
		<operation>
			<search position="before" whitespace="exact"><![CDATA[			'home' => array(
				'title' => $txt['home'],
				'href' => $scripturl,
				'show' => true,
				'sub_buttons' => array(
				),
				'is_last' => $context['right_to_left'],
			),]]></search>
			<add><![CDATA[
			'wiki' => array(
				'title' => 'Wiki',
				'href' => $scripturl.'?action=wiki',
				'show' => !$user_info['is_guest'],
				'sub_buttons' => array(
				),
				'is_last' => $context['right_to_left'],
			),
			'directorTools' => array(
				'title' => 'Director Tools',
				'href' => $scripturl,
				'show' => !$user_info['is_guest'],
				'sub_buttons' => array(
					'slacker' => array(
                        'title' => 'Slacker Tracker',
                        'href' => $scripturl.'?action=slacker',
                        'show' => !$user_info['is_guest'],
					),
					'apiCheck' => array(
                        'title' => 'API Checker',
                        'href' => $scripturl.'?action=apiCheck',
                        'show' => !$user_info['is_guest'],
					),
				),
				'is_last' => $context['right_to_left'],
			),]]></add>
		</operation>
	</file>
</modification>	